ID,Category,Category Description,Product Name,Description,Size,Price,Photo File Name,WhatsApp Link
1,Cooking Oils & Ghee,"Wood pressed and cold pressed cooking oils, made on a traditional lakdi ghani (also called marachekku or chekku) at low temperature, so the aroma and nutrients survive. Unrefined, unfiltered and never blended.",Groundnut Wood Pressed Oil,"Traditional lakdi ghani groundnut oil, also known as marachekku or chekku oil, with a rich nutty aroma. Ideal for everyday Indian cooking and deep frying.",950 ml,480,Groundnut-Wood-Pressed-Oil,https://wa.me/p/8113181328718023/919820175000
2,Cooking Oils & Ghee,,White Sesame Wood Pressed Oil,"Cold extracted white sesame (til) oil, pressed on a wooden ghani. Light and versatile, traditionally used for cooking, oil pulling and abhyanga massage.",950 ml,720,White-Sesame-Wood-Pressed-Oil,https://wa.me/p/26580553651589156/919820175000
3,Cooking Oils & Ghee,,Black Sesame Wood Pressed Oil,Robust black sesame oil pressed on a wooden lakdi ghani. Deeply aromatic and naturally rich in antioxidants.,950 ml,720,Black-Sesame-Wood-Pressed-Oil,https://wa.me/p/8156676044382192/919820175000
4,Cooking Oils & Ghee,,Coconut Wood Pressed Oil,"Unrefined wood pressed coconut oil with a natural sweet aroma. Solidifies below 24°C, which is normal. Suitable for cooking, hair and skin.",950 ml,720,Coconut-Wood-Pressed-Oil,https://wa.me/p/8589922877727151/919820175000
5,Cooking Oils & Ghee,,Almond Wood Pressed Oil,"Pure wood pressed almond oil. Light and nutrient dense, used both in the kitchen and for skin and hair care.",100 ml,500,Almond-Wood-Pressed-oil,https://wa.me/919820175000
6,Cooking Oils & Ghee,,Black Mustard Cold Pressed Oil,"Sharp, pungent kachi ghani black mustard oil, cold pressed on a wooden ghani. A staple of Bengali, Bihari and North Indian kitchens.",950 ml,670,Black-Mustard-Cold-Pressed-Oil,https://wa.me/p/8418987268122354/919820175000
7,Cooking Oils & Ghee,,Yellow Mustard Cold Pressed Oil,"Kachi ghani yellow mustard oil, milder than black mustard with a clean golden colour. Great for tempering, pickling and everyday cooking.",950 ml,670,Yellow-Mustard-Cold-Pressed-Oil,https://wa.me/p/8973024049380406/919820175000
8,Cooking Oils & Ghee,,Extra Virgin Olive Oil (Cold Pressed),"First press extra virgin olive oil. Best used raw over salads, dips and finished dishes.",950 ml,2000,Extra-Virigin-Olive-Oil,https://wa.me/p/9156025557857378/919820175000
9,Cooking Oils & Ghee,,Sunflower Wood Pressed Oil,"Light, neutral tasting wood pressed sunflower oil. A everyday all rounder that does not mask flavours.",950 ml,670,Sunflower-Oil,https://wa.me/p/27010613461857199/919820175000
10,Cooking Oils & Ghee,,Safflower Wood Pressed Oil,"Traditional kardi oil, wood pressed and unrefined. Light bodied with a clean finish.",950 ml,670,Safflower-Oil,https://wa.me/p/27093054486959699/919820175000
16,Cooking Oils & Ghee,,A2 Bilona Cow Ghee,"Hand churned A2 bilona cow ghee, made the traditional way from cultured curd rather than cream. Grainy texture and a deep roasted aroma.",1000 ml,3000,A2-Bilona-Cow-Ghee,https://wa.me/p/9614005988713986/919820175000
15,Hair & Skin Care,"Cold pressed carrier oils and single ingredient skincare, with nothing added and nothing refined out. Suitable for hair oiling, scalp massage and everyday skin care.",Castor Cold Pressed Oil,"Thick, cold pressed castor oil. Traditionally used for hair growth, lashes, brows and dry skin.",100 ml,250,Castor-Cold-Pressed-Oil,https://wa.me/919820175000
21,Hair & Skin Care,,Argan Oil,"Lightweight argan oil rich in vitamin E. Absorbs quickly, used for frizz control and facial hydration.",50 ml,340,Argan-Oil,https://wa.me/919820175000
22,Hair & Skin Care,,Cold Pressed Amla Oil,"Amla (Indian gooseberry) oil, cold pressed. A classic remedy for scalp health and premature greying.",100 ml,289,Amla-Oil,https://wa.me/919820175000
23,Hair & Skin Care,,Cold Pressed Black Seed Oil,"Kalonji oil, cold pressed and unrefined. Valued in traditional medicine for immunity, skin and hair.",100 ml,340,Black-Seed-Oil,https://wa.me/919820175000
24,Hair & Skin Care,,Cold Pressed Neem Oil,"Pure neem oil with its characteristic sharp aroma. Used for acne prone skin, scalp care and as a natural pest deterrent.",100 ml,120,Neem-Oil,https://wa.me/919820175000
25,Hair & Skin Care,,Cold Pressed Flax Seed Oil,"Alsi oil, cold pressed to protect its omega 3 content. Use raw, never heated.",100 ml,150,Flax-Seed-Oil,https://wa.me/919820175000
26,Hair & Skin Care,,Steam Distilled Rose Water,Pure steam distilled rose water with no added fragrance or preservative. A natural toner and face mist.,100 ml,220,Steam-Distilled-Rose-Water,https://wa.me/919820175000
27,Hair & Skin Care,,Fuller's Earth (Multani Mitti),Natural multani mitti clay. A time tested face pack for oily skin and gentle deep cleansing.,90 gms,199,Fuller's-Earth,https://wa.me/919820175000
28,Hair & Skin Care,,Aloevera Gel,"Soothing aloe vera gel for sunburn, irritation and daily hydration. Light and non sticky.",100 gms,180,Aloevera-Gel,https://wa.me/919820175000
17,Essential Oils,"Concentrated steam distilled essential oils for aromatherapy, diffusers and diluted topical use. Always blend with a carrier oil before applying to skin.",Rosemary Essential Oil,"Steam distilled rosemary oil, popular for scalp massage and hair thinning when diluted in a carrier oil.",15 ml,180,Rosemary-Essential-Oil,https://wa.me/919820175000
18,Essential Oils,,Lemon Essential Oil,"Bright, citrus lemon essential oil. Uplifting in a diffuser and a natural cleaning booster.",15 ml,140,Lemon-Essential-Oil,https://wa.me/919820175000
19,Essential Oils,,Eucalyptus Essential Oil,"Sharp, cooling eucalyptus oil. Commonly used in steam inhalation and for congestion relief.",15 ml,140,Eucalyptus-Essential-Oil,https://wa.me/919820175000
20,Essential Oils,,Tea Tree Essential Oil,"Tea tree oil with natural antibacterial properties. Used on blemishes and dandruff, always diluted.",15 ml,140,Tea-Tree-Essential-Oil,https://wa.me/919820175000
11,Dry Fruits & Superfoods,"Hand picked Kashmiri dry fruits and superfoods, sourced direct from growers and sold unpolished and unbleached.",Kashmiri Mamra Almonds (Organic),"Genuine Kashmiri mamra badam. Smaller and oilier than commercial almonds, with a much richer taste.",1 kg,1640,Kashmiri-Mamra-Almonds-(Organic),https://wa.me/919820175000
12,Dry Fruits & Superfoods,,Kashmiri Walnut Kernels (Organic),"Light coloured Kashmiri akhrot kernels, hand shelled and unbleached.",1 kg,1540,Kashmiri-Walnut-Kernels-(Organic),https://wa.me/919820175000
13,Dry Fruits & Superfoods,,Cranberries,"Naturally tart dried cranberries. Good in trail mixes, baking and breakfast bowls.",1 kg,1100,Cranberries,https://wa.me/919820175000
14,Dry Fruits & Superfoods,,Kashmiri Organic Saffron,Pure Kashmiri Mongra saffron with deep red threads and a strong natural aroma. No colouring added.,1 gm,350,Kashmiri-Organic-Saffron,https://wa.me/919820175000
